sno,origin_lat,origin_lon,destination_lat,destination_lon,routing,distance,time,concentration,exposure,default_smoke,default_time,u_turn_costs,time_factor,pollution_factor,algorithm,curbside
0,28.715232849121094,77.2060546875,28.57415771484375,77.19537353515625,fastest,20777.924395009777,33.0,185814.0,6131862.0,999.0,99.0,-1.0,100.0,0.7,dijkstrabi,false
1,28.715232849121094,77.2060546875,28.57415771484375,77.19537353515625,greenest,87964.01655381657,180.0,1056942.0,1.9024956E8,999.0,99.0,-1.0,100.0,0.7,dijkstrabi,false
2,28.715232849121094,77.2060546875,28.57415771484375,77.19537353515625,balanced,87964.01655381657,180.0,1056942.0,1.9024956E8,999.0,99.0,-1.0,100.0,0.7,dijkstrabi,false
3,28.715232849121094,77.2060546875,28.57415771484375,77.19537353515625,shortest,19343.61639500978,38.0,188811.0,7174818.0,999.0,99.0,-1.0,100.0,0.7,dijkstrabi,false
4,28.715232849121094,77.2060546875,28.57415771484375,77.19537353515625,fastest,20777.924395009777,33.0,185814.0,6131862.0,999.0,99.0,-1.0,100.0,0.7,dijkstrabi,false
5,28.715232849121094,77.2060546875,28.57415771484375,77.19537353515625,greenest,87964.01655381657,180.0,1056942.0,1.9024956E8,999.0,99.0,-1.0,100.0,0.7,dijkstrabi,false
6,28.715232849121094,77.2060546875,28.57415771484375,77.19537353515625,balanced,87964.01655381657,180.0,1056942.0,1.9024956E8,999.0,99.0,-1.0,100.0,0.7,dijkstrabi,false
7,28.715232849121094,77.2060546875,28.57415771484375,77.19537353515625,shortest,19343.61639500978,38.0,188811.0,7174818.0,999.0,99.0,-1.0,100.0,0.7,dijkstrabi,false
