sno,origin_lat,origin_lon,destination_lat,destination_lon,routing,distance,time,concentration,exposure,default_smoke,default_time,u_turn_costs,time_factor,pollution_factor,algorithm,curbside
0,28.715232849121094,77.2060546875,28.57415771484375,77.19537353515625,fastest,20.51,31.95,9085.0,6716.22,10.0,99.0,-1.0,40.0,0.05,dijkstrabi,false
1,28.715232849121094,77.2060546875,28.57415771484375,77.19537353515625,greenest,25.84,52.55,12499.0,1194.7,10.0,99.0,-1.0,40.0,0.05,dijkstrabi,false
2,28.715232849121094,77.2060546875,28.57415771484375,77.19537353515625,balanced,25.46,52.47,12844.0,1195.53,10.0,99.0,-1.0,40.0,0.05,dijkstrabi,false
3,28.715232849121094,77.2060546875,28.57415771484375,77.19537353515625,shortest,19.34,37.95,7769.0,5220.52,10.0,99.0,-1.0,40.0,0.05,dijkstrabi,false
