sno,origin_lat,origin_lon,destination_lat,destination_lon,routing,distance,time,concentration,exposure,default_smoke,default_time,u_turn_costs,time_factor,pollution_factor,algorithm,curbside
0,28.715232849121094,77.2060546875,28.57415771484375,77.19537353515625,fastest,20.82,31.68,8932.0,6753.14,10.0,99.0,90.0,0.7,0.7,dijkstrabi,false
1,28.715232849121094,77.2060546875,28.57415771484375,77.19537353515625,greenest,27.94,56.5,15107.0,1395.17,10.0,99.0,90.0,0.7,0.7,dijkstrabi,false
2,28.715232849121094,77.2060546875,28.57415771484375,77.19537353515625,balanced,25.33,52.45,14586.0,1417.84,10.0,99.0,90.0,0.7,0.7,dijkstrabi,false
3,28.715232849121094,77.2060546875,28.57415771484375,77.19537353515625,shortest,19.34,37.28,8913.0,5927.76,10.0,99.0,90.0,0.7,0.7,dijkstrabi,false
