sno,origin_lat,origin_lon,destination_lat,destination_lon,routing,distance,time,concentration,exposure,default_smoke,default_time,u_turn_costs,time_factor,pollution_factor,algorithm,curbside
0,28.715232849121094,77.2060546875,28.57415771484375,77.19537353515625,fastest,21269.86855381643,48.0,47666.0,250076.29145999995,10.0,0.0,-1.0,0.7,0.7,dijkstrabi,false
1,28.715232849121094,77.2060546875,28.57415771484375,77.19537353515625,greenest,25381.11755381643,65.0,57925.0,50248.06563,10.0,0.0,-1.0,0.7,0.7,dijkstrabi,false
2,28.715232849121094,77.2060546875,28.57415771484375,77.19537353515625,balanced,89786.46655381653,183.0,247624.0,53179.66718000005,10.0,0.0,-1.0,0.7,0.7,dijkstrabi,false
3,28.715232849121094,77.2060546875,28.57415771484375,77.19537353515625,shortest,19343.61639500978,69.0,32624.0,225073.05515999987,10.0,0.0,-1.0,0.7,0.7,dijkstrabi,false
4,28.715232849121094,77.2060546875,28.57415771484375,77.19537353515625,greenest,25381.11755381643,65.0,57925.0,50248.06563,10.0,0.0,-1.0,0.7,0.7,dijkstrabi,false
5,28.715232849121094,77.2060546875,28.57415771484375,77.19537353515625,fastest,21269.86855381643,48.0,47666.0,250076.29145999995,10.0,0.0,-1.0,0.7,0.7,dijkstrabi,false
6,28.715232849121094,77.2060546875,28.57415771484375,77.19537353515625,greenest,25381.11755381643,65.0,57925.0,50248.06563,10.0,0.0,-1.0,0.7,0.7,dijkstrabi,false
7,28.715232849121094,77.2060546875,28.57415771484375,77.19537353515625,balanced,89786.46655381653,183.0,247624.0,53179.66718000005,10.0,0.0,-1.0,0.7,0.7,dijkstrabi,false
8,28.715232849121094,77.2060546875,28.57415771484375,77.19537353515625,shortest,19343.61639500978,69.0,32624.0,225073.05515999987,10.0,0.0,-1.0,0.7,0.7,dijkstrabi,false
